{
    "Accuracy": 0.8449704142011835,
    "F1-Score (Fall)": 0.7390438247011952,
    "Sensitivity (Fall)": 0.687037037037037,
    "Specificity (No Fall)": 0.687037037037037
}