client,Epoch,Loss,Accuracy
0,1,2.247278756532021,48.76489392618425
1,1,2.0109230687735073,79.88956698634118
2,1,1.8953543931128929,85.20778843359489
3,1,1.8335109787636328,86.74803836094158
4,1,1.7877064807480716,88.78233071781459
5,1,1.7877064807480716,88.78233071781459
