Round,Loss,Accuracy
0,2.4836522531772847,0.21077242812608243
1,2.4836522531772847,0.21077242812608243
2,2.4836522531772847,0.21077242812608243
3,2.4836522531772847,0.21077242812608243
4,2.4836522531772847,0.21077242812608243
5,2.4836522531772847,0.21077242812608243
6,2.4836522531772847,0.21077242812608243
7,2.4836522531772847,0.21077242812608243
8,2.4836522531772847,0.21077242812608243
9,2.4836522531772847,0.21077242812608243
10,2.4836522531772847,0.21077242812608243
